stateCode,stateNameEnglish,districtCode,districtNameEnglish,subdistrictCode,subdistrictNameEnglish,villageCode,villageNameEnglish,pincode
35,Andaman And Nicobar Islands,603,Nicobars,5916,Car Nicobar,645022,Kinyuka,744301
35,Andaman And Nicobar Islands,603,Nicobars,5916,Car Nicobar,645026,Small Lapati,744301
35,Andaman And Nicobar Islands,603,Nicobars,5918,Great Nicobar,645200,Campbell Bay,744302
35,Andaman And Nicobar Islands,603,Nicobars,5918,Great Nicobar,645204,Chaw Nallaha,744302
35,Andaman And Nicobar Islands,603,Nicobars,5918,Great Nicobar,645186,In-Hig-Loi,744302
35,Andaman And Nicobar Islands,603,Nicobars,5918,Great Nicobar,645145,Inlock/Infock,744302
35,Andaman And Nicobar Islands,603,Nicobars,5918,Great Nicobar,645157,Inlock/Pattia,744302
35,Andaman And Nicobar Islands,603,Nicobars,5918,Great Nicobar,645163,Kondul,744302
35,Andaman And Nicobar Islands,603,Nicobars,5918,Great Nicobar,645141,Minlana/Minlan,744302
35,Andaman And Nicobar Islands,603,Nicobars,5918,Great Nicobar,645203,Not Yet Named,744302
35,Andaman And Nicobar Islands,603,Nicobars,5918,Great Nicobar,645209,Patisang,744302
35,Andaman And Nicobar Islands,603,Nicobars,5918,Great Nicobar,645170,Pulobed,744302
35,Andaman And Nicobar Islands,603,Nicobars,5918,Great Nicobar,645164,Pulobed/Lababu,744302
35,Andaman And Nicobar Islands,603,Nicobars,5918,Great Nicobar,645140,Pulomilo,744302
35,Andaman And Nicobar Islands,603,Nicobars,5918,Great Nicobar,645158,Pulopanja,744302
35,Andaman And Nicobar Islands,603,Nicobars,5918,Great Nicobar,645146,Pulotalia/Pulotohio,744302
35,Andaman And Nicobar Islands,603,Nicobars,5918,Great Nicobar,645198,Shompen Hut,744302
35,Andaman And Nicobar Islands,603,Nicobars,5918,Great Nicobar,645176,Shompen Village-B,744302
35,Andaman And Nicobar Islands,603,Nicobars,5918,Great Nicobar,645208,Trinket Bay,744302
35,Andaman And Nicobar Islands,603,Nicobars,5917,Nancowry,645034,Aloorang,744303
35,Andaman And Nicobar Islands,603,Nicobars,5917,Nancowry,645076,Alsama*,744304
35,Andaman And Nicobar Islands,603,Nicobars,5917,Nancowry,645109,Bumpal*,744303
35,Andaman And Nicobar Islands,603,Nicobars,5917,Nancowry,645096,Champin,744303
35,Andaman And Nicobar Islands,603,Nicobars,5917,Nancowry,645050,Chonghipoh*,744304
35,Andaman And Nicobar Islands,603,Nicobars,5917,Nancowry,645039,Chukmachi,744303
35,Andaman And Nicobar Islands,603,Nicobars,5917,Nancowry,645073,Halnatai/Hoinatai*,744304
35,Andaman And Nicobar Islands,603,Nicobars,5917,Nancowry,645087,Hindra*,744304
35,Andaman And Nicobar Islands,603,Nicobars,5917,Nancowry,645063,Hoipoh*,744304
35,Andaman And Nicobar Islands,603,Nicobars,5917,Nancowry,645100,Itoi*(Hitui),744303
35,Andaman And Nicobar Islands,603,Nicobars,5917,Nancowry,645131,Kakana,744303
35,Andaman And Nicobar Islands,603,Nicobars,5917,Nancowry,645127,Kamorta/Kalatapu(Incl.Sanuh),744303
35,Andaman And Nicobar Islands,603,Nicobars,5917,Nancowry,645122,Knot,744303
35,Andaman And Nicobar Islands,603,Nicobars,5917,Nancowry,645031,Kuitasuk,744303
35,Andaman And Nicobar Islands,603,Nicobars,5917,Nancowry,645092,Lanuanga*,744303
35,Andaman And Nicobar Islands,603,Nicobars,5917,Nancowry,645086,Lapat*,744303
35,Andaman And Nicobar Islands,603,Nicobars,5917,Nancowry,645041,Minyuk,744303
35,Andaman And Nicobar Islands,603,Nicobars,5917,Nancowry,645125,Munak Incl. Ponioo/Moul,744303
35,Andaman And Nicobar Islands,603,Nicobars,5917,Nancowry,645032,Raihion,744303
35,Andaman And Nicobar Islands,603,Nicobars,5917,Nancowry,645135,Safedbalu*,744303
35,Andaman And Nicobar Islands,603,Nicobars,5917,Nancowry,645098,Tapani/Tapainy*,744303
35,Andaman And Nicobar Islands,603,Nicobars,5917,Nancowry,645138,Tapiang*,744303
35,Andaman And Nicobar Islands,603,Nicobars,5917,Nancowry,645033,Tillang Chong Island*,744303
35,Andaman And Nicobar Islands,603,Nicobars,5917,Nancowry,645118,Tomae/Inmae*,744303
35,Andaman And Nicobar Islands,603,Nicobars,5917,Nancowry,645080,Upper Katchal,744304
35,Andaman And Nicobar Islands,603,Nicobars,5917,Nancowry,645130,Vikas Nagar,744303
35,Andaman And Nicobar Islands,632,North And Middle Andaman,5919,Diglipur,645270,Bamboo Nallaha (Efa),744202
35,Andaman And Nicobar Islands,632,North And Middle Andaman,5919,Diglipur,645277,Bara Dabla (Efa),744202
35,Andaman And Nicobar Islands,632,North And Middle Andaman,5919,Diglipur,645290,Curlew Island (Fcpa),744204
35,Andaman And Nicobar Islands,632,North And Middle Andaman,5919,Diglipur,645255,Gandhi Nagar,744202
35,Andaman And Nicobar Islands,632,North And Middle Andaman,5919,Diglipur,645252,Ganesh Nagar,744202
35,Andaman And Nicobar Islands,632,North And Middle Andaman,5919,Diglipur,645259,Haran Nallaha (Efa),744202
35,Andaman And Nicobar Islands,632,North And Middle Andaman,5919,Diglipur,645234,Kishori Nagar (Rv),744202
35,Andaman And Nicobar Islands,632,North And Middle Andaman,5919,Diglipur,645218,Madhupur (Rv),744202
35,Andaman And Nicobar Islands,632,North And Middle Andaman,5919,Diglipur,645273,Narayan Tikri (Efa),744202
35,Andaman And Nicobar Islands,632,North And Middle Andaman,5919,Diglipur,645275,Narkul Danga (Efa),744202
35,Andaman And Nicobar Islands,632,North And Middle Andaman,5919,Diglipur,645233,Paranghara (Rv),744202
35,Andaman And Nicobar Islands,632,North And Middle Andaman,5919,Diglipur,645261,Paschimsagar (Efa),744202
35,Andaman And Nicobar Islands,632,North And Middle Andaman,5919,Diglipur,645213,Radha Nagar (Rv),744202
35,Andaman And Nicobar Islands,632,North And Middle Andaman,5919,Diglipur,645283,Rahil (Fdca),744204
35,Andaman And Nicobar Islands,632,North And Middle Andaman,5919,Diglipur,645242,Sagar Dweep (Rv),744202
35,Andaman And Nicobar Islands,632,North And Middle Andaman,5919,Diglipur,645212,Shyam Nagar (Rv),744202
35,Andaman And Nicobar Islands,632,North And Middle Andaman,5919,Diglipur,645220,Sitanagar (Rv),744202
35,Andaman And Nicobar Islands,632,North And Middle Andaman,5919,Diglipur,645225,Vidyasagarpalli (Rv),744202
35,Andaman And Nicobar Islands,632,North And Middle Andaman,5920,Mayabunder,645337,Bajato (Efa & 40 Acre Plot),744204
35,Andaman And Nicobar Islands,632,North And Middle Andaman,5920,Mayabunder,645339,Birsa Nagar (Efa),744204
35,Andaman And Nicobar Islands,632,North And Middle Andaman,5920,Mayabunder,645336,Chainpur (Efa),744204
35,Andaman And Nicobar Islands,632,North And Middle Andaman,5920,Mayabunder,645326,Chuglum Gum (Efa),744204
35,Andaman And Nicobar Islands,632,North And Middle Andaman,5920,Mayabunder,645296,Danpur (Rv),744204
35,Andaman And Nicobar Islands,632,North And Middle Andaman,5920,Mayabunder,645340,Kanchi Nallaha (Efa) & Bamboo Nallaha (Efa),744204
35,Andaman And Nicobar Islands,632,North And Middle Andaman,5920,Mayabunder,645300,Lataw (Rv),744204
35,Andaman And Nicobar Islands,632,North And Middle Andaman,5920,Mayabunder,645314,Pinakinagar (Rv),744201
35,Andaman And Nicobar Islands,632,North And Middle Andaman,5920,Mayabunder,645297,Rampur (Rv),744204
35,Andaman And Nicobar Islands,632,North And Middle Andaman,5920,Mayabunder,645335,Shippi Tikry (Efa),744204
35,Andaman And Nicobar Islands,632,North And Middle Andaman,5920,Mayabunder,645318,Swadesh Nagar (Rv),744201
35,Andaman And Nicobar Islands,632,North And Middle Andaman,5921,Rangat,645418,Between Chotaligbang And Foul Bay (Ja),744205
35,Andaman And Nicobar Islands,632,North And Middle Andaman,5921,Rangat,645404,Dhani Nallaha (Ja),744201
35,Andaman And Nicobar Islands,632,North And Middle Andaman,5921,Rangat,645397,Kalsi No. 6 (Jppc),744205
35,Andaman And Nicobar Islands,632,North And Middle Andaman,5921,Rangat,645379,Nilambur (Rv),744210
35,Andaman And Nicobar Islands,632,North And Middle Andaman,5921,Rangat,645392,Parnasala II (Fc),744205
35,Andaman And Nicobar Islands,632,North And Middle Andaman,5921,Rangat,645425,Pawajig & Nayadera (Fc),744210
35,Andaman And Nicobar Islands,632,North And Middle Andaman,5921,Rangat,645406,Porlobjig No.9 (Jppc),744209
35,Andaman And Nicobar Islands,632,North And Middle Andaman,5921,Rangat,645435,Rajatgarh (Efa),744210
35,Andaman And Nicobar Islands,632,North And Middle Andaman,5921,Rangat,645373,Strait Island (As),744211
35,Andaman And Nicobar Islands,632,North And Middle Andaman,5921,Rangat,645384,Wrafter'S Creek (Rv),744210
35,Andaman And Nicobar Islands,602,South Andamans,5922,Ferrargunj,645470,Colinpur (Rv),744206
35,Andaman And Nicobar Islands,602,South Andamans,5922,Ferrargunj,645479,Craikabad (Rv),744206
35,Andaman And Nicobar Islands,602,South Andamans,5922,Ferrargunj,645458,Ferrargunj (Rv),744206
35,Andaman And Nicobar Islands,602,South Andamans,5922,Ferrargunj,645452,Govindapuram (Rv),744206
35,Andaman And Nicobar Islands,602,South Andamans,5922,Ferrargunj,645485,Hashmatabad (Rv),744206
35,Andaman And Nicobar Islands,602,South Andamans,5922,Ferrargunj,645504,Jhinga Nallaha (Jppc & Apwdc),744206
35,Andaman And Nicobar Islands,602,South Andamans,5922,Ferrargunj,645498,Jirkatang Camp No. 7 (Fc),744206
35,Andaman And Nicobar Islands,602,South Andamans,5922,Ferrargunj,645445,Malapuram (Rv),744206
35,Andaman And Nicobar Islands,602,South Andamans,5922,Ferrargunj,645492,Middle Strait (Jppc),744206
35,Andaman And Nicobar Islands,602,South Andamans,5922,Ferrargunj,645466,Namunaghar (Rv),744206
35,Andaman And Nicobar Islands,602,South Andamans,5922,Ferrargunj,645476,Port Mouat (Rv),744206
35,Andaman And Nicobar Islands,602,South Andamans,5922,Ferrargunj,645469,Tusnabad (Rv),744206
35,Andaman And Nicobar Islands,602,South Andamans,5922,Ferrargunj,645490,Viper Island (Rv),744206
35,Andaman And Nicobar Islands,602,South Andamans,5924,Little Andaman,645569,Butler Bay Forest Camp 4-Ii (Fdca),744207
35,Andaman And Nicobar Islands,602,South Andamans,5924,Little Andaman,645558,Hut Bay (Rv),744207
35,Andaman And Nicobar Islands,602,South Andamans,5924,Little Andaman,645556,Netaji Nagar (Rv),744207
35,Andaman And Nicobar Islands,602,South Andamans,5923,Port Blair,645531,Brookshabad Part (Rv),744103
35,Andaman And Nicobar Islands,602,South Andamans,5923,Port Blair,645517,Govinda Nagar (Rv),744211
35,Andaman And Nicobar Islands,602,South Andamans,5923,Port Blair,645545,R.M.Point (Fc),744105
35,Andaman And Nicobar Islands,602,South Andamans,5923,Port Blair,645519,Shyam Nagar (Rv),744104
35,Andaman And Nicobar Islands,603,Nicobars,5916,Car Nicobar,645025,Big Lapati,744301
35,Andaman And Nicobar Islands,603,Nicobars,5916,Car Nicobar,645023,Chuckchucha,744301
35,Andaman And Nicobar Islands,603,Nicobars,5916,Car Nicobar,645018,Iaf Camp,744301
35,Andaman And Nicobar Islands,603,Nicobars,5916,Car Nicobar,645014,Sawai,744301
35,Andaman And Nicobar Islands,603,Nicobars,5918,Great Nicobar,645159,Elahi/Ilhoya,744302
35,Andaman And Nicobar Islands,603,Nicobars,5918,Great Nicobar,645192,Gandhi Nagar,744302
35,Andaman And Nicobar Islands,603,Nicobars,5918,Great Nicobar,645182,Hin-Pou-Chi,744302
35,Andaman And Nicobar Islands,603,Nicobars,5918,Great Nicobar,645177,Kasintung,744302
35,Andaman And Nicobar Islands,603,Nicobars,5918,Great Nicobar,645155,Pattia (Pulopattia),744302
35,Andaman And Nicobar Islands,603,Nicobars,5918,Great Nicobar,645152,Pea,744302
35,Andaman And Nicobar Islands,603,Nicobars,5918,Great Nicobar,645161,Pehayo,744302
35,Andaman And Nicobar Islands,603,Nicobars,5918,Great Nicobar,645201,Ranganathan Bay,744302
35,Andaman And Nicobar Islands,603,Nicobars,5917,Nancowry,645094,Al-Hit-Touch/Balu Basti,744303
35,Andaman And Nicobar Islands,603,Nicobars,5917,Nancowry,645085,Alipa/Alips*,744303
35,Andaman And Nicobar Islands,603,Nicobars,5917,Nancowry,645115,Alointung*,744304
35,Andaman And Nicobar Islands,603,Nicobars,5917,Nancowry,645035,Aloora*,744303
35,Andaman And Nicobar Islands,603,Nicobars,5917,Nancowry,645044,Bengali,744303
35,Andaman And Nicobar Islands,603,Nicobars,5917,Nancowry,645060,Hontona*,744303
35,Andaman And Nicobar Islands,603,Nicobars,5917,Nancowry,645057,Hutnyak*,744303
35,Andaman And Nicobar Islands,603,Nicobars,5917,Nancowry,645123,Inmae*,744303
35,Andaman And Nicobar Islands,603,Nicobars,5917,Nancowry,645038,Kalara*,744303
35,Andaman And Nicobar Islands,603,Nicobars,5917,Nancowry,645055,Kumikia*,744303
35,Andaman And Nicobar Islands,603,Nicobars,5917,Nancowry,645095,Malacca*,744303
35,Andaman And Nicobar Islands,603,Nicobars,5917,Nancowry,645064,Mapayala*,744303
35,Andaman And Nicobar Islands,603,Nicobars,5917,Nancowry,645112,Maru*,744303
35,Andaman And Nicobar Islands,603,Nicobars,5917,Nancowry,645133,Mohreak/Kohreakap*,744303
35,Andaman And Nicobar Islands,603,Nicobars,5917,Nancowry,645108,Olinpon/Alhinpon*,744303
35,Andaman And Nicobar Islands,603,Nicobars,5917,Nancowry,645089,Payak*,744303
35,Andaman And Nicobar Islands,603,Nicobars,5917,Nancowry,645091,Tapong Incl. Kabila,744303
35,Andaman And Nicobar Islands,603,Nicobars,5917,Nancowry,645137,Trinket*,744303
35,Andaman And Nicobar Islands,603,Nicobars,5917,Nancowry,645103,Uper Tapu*,744304
35,Andaman And Nicobar Islands,603,Nicobars,5917,Nancowry,645062,Vyavtapu*,744303
35,Andaman And Nicobar Islands,603,Nicobars,5917,Nancowry,645084,W.B.Katchal/Hindra*,744304
35,Andaman And Nicobar Islands,632,North And Middle Andaman,5919,Diglipur,645227,Aerial Bay (Rv),744202
35,Andaman And Nicobar Islands,632,North And Middle Andaman,5919,Diglipur,645282,Austin Creek (Fdca),744204
35,Andaman And Nicobar Islands,632,North And Middle Andaman,5919,Diglipur,645269,Bali Nallaha (Efa),744202
35,Andaman And Nicobar Islands,632,North And Middle Andaman,5919,Diglipur,645249,Bandhan Nallaha (Efa),744202
35,Andaman And Nicobar Islands,632,North And Middle Andaman,5919,Diglipur,645247,Beach Dera (Efa),744202
35,Andaman And Nicobar Islands,632,North And Middle Andaman,5919,Diglipur,645240,Borang (Rv),744204
35,Andaman And Nicobar Islands,632,North And Middle Andaman,5919,Diglipur,645272,Ganna Level (Efa),744202
35,Andaman And Nicobar Islands,632,North And Middle Andaman,5919,Diglipur,645237,Kalighat (Rv),744202
35,Andaman And Nicobar Islands,632,North And Middle Andaman,5919,Diglipur,645230,Kalipur (Rv),744202
35,Andaman And Nicobar Islands,632,North And Middle Andaman,5919,Diglipur,645264,Khudirampur (Efa),744202
35,Andaman And Nicobar Islands,632,North And Middle Andaman,5919,Diglipur,645292,Land Fall Island (Police Post),744202
35,Andaman And Nicobar Islands,632,North And Middle Andaman,5919,Diglipur,645224,Ramakrishnagram (Rv),744202
35,Andaman And Nicobar Islands,632,North And Middle Andaman,5919,Diglipur,645239,Ramnagar (Rv),744202
35,Andaman And Nicobar Islands,632,North And Middle Andaman,5919,Diglipur,645271,Srinagar (Efa),744202
35,Andaman And Nicobar Islands,632,North And Middle Andaman,5919,Diglipur,645214,Swarajgram (Rv),744202
35,Andaman And Nicobar Islands,632,North And Middle Andaman,5920,Mayabunder,645334,Luis-In-Let-Bay (Jppc),744204
35,Andaman And Nicobar Islands,632,North And Middle Andaman,5920,Mayabunder,645295,Pokadera (Rv),744204
35,Andaman And Nicobar Islands,632,North And Middle Andaman,5921,Rangat,645402,Boroinyol II (Fc),744205
35,Andaman And Nicobar Islands,632,North And Middle Andaman,5921,Rangat,645401,Charlungta II (Fc),744205
35,Andaman And Nicobar Islands,632,North And Middle Andaman,5921,Rangat,645388,Dhani Nallaha (Efa),744201
35,Andaman And Nicobar Islands,632,North And Middle Andaman,5921,Rangat,645416,Foul Bay (Ja),744205
35,Andaman And Nicobar Islands,632,North And Middle Andaman,5921,Rangat,645351,Janakpur (Rv),744205
35,Andaman And Nicobar Islands,632,North And Middle Andaman,5921,Rangat,645399,Kalsi No. 3 (Jppc),744205
35,Andaman And Nicobar Islands,632,North And Middle Andaman,5921,Rangat,645437,Khatta Khari (Efa),744210
35,Andaman And Nicobar Islands,632,North And Middle Andaman,5921,Rangat,645417,Lakra Lungta (Ja),744209
35,Andaman And Nicobar Islands,632,North And Middle Andaman,5921,Rangat,645421,Lalajig Bay (Ac),744203
35,Andaman And Nicobar Islands,632,North And Middle Andaman,5921,Rangat,645409,Macarthy Valley (Efa),744209
35,Andaman And Nicobar Islands,632,North And Middle Andaman,5921,Rangat,645422,Merk Bay (Ac),744203
35,Andaman And Nicobar Islands,632,North And Middle Andaman,5921,Rangat,645354,Mithila (Rv),744205
35,Andaman And Nicobar Islands,632,North And Middle Andaman,5921,Rangat,645350,Nimbutala (Rv),744205
35,Andaman And Nicobar Islands,632,North And Middle Andaman,5921,Rangat,645391,Panchawati (Efa),744205
35,Andaman And Nicobar Islands,632,North And Middle Andaman,5921,Rangat,645348,Panchawati (Rv),744205
35,Andaman And Nicobar Islands,632,North And Middle Andaman,5921,Rangat,645428,Papita Dera (Fc),744210
35,Andaman And Nicobar Islands,632,North And Middle Andaman,5921,Rangat,645424,Pawajig (Fc),744210
35,Andaman And Nicobar Islands,632,North And Middle Andaman,5921,Rangat,645358,Sabari (Rv),744205
35,Andaman And Nicobar Islands,632,North And Middle Andaman,5921,Rangat,645396,Sagwan Nallaha (Fc),744205
35,Andaman And Nicobar Islands,632,North And Middle Andaman,5921,Rangat,645429,Sanker Nallaha (Pwdc),744210
35,Andaman And Nicobar Islands,632,North And Middle Andaman,5921,Rangat,645370,Santanu (Rv),744209
35,Andaman And Nicobar Islands,632,North And Middle Andaman,5921,Rangat,645390,Sukha Nallaha (Efa),744201
35,Andaman And Nicobar Islands,632,North And Middle Andaman,5921,Rangat,645376,Udhaygarh (Rv),744210
35,Andaman And Nicobar Islands,632,North And Middle Andaman,5921,Rangat,645371,Uttara (Rv),744209
35,Andaman And Nicobar Islands,632,North And Middle Andaman,5921,Rangat,645361,Vishnupur (Rv),744205
35,Andaman And Nicobar Islands,602,South Andamans,5922,Ferrargunj,645448,Alipur (Rv),744206
35,Andaman And Nicobar Islands,602,South Andamans,5922,Ferrargunj,645465,Caddlegunj (Rv) (Incl. Sona Pahar & Hazari Bagh (Jppc),744206
35,Andaman And Nicobar Islands,602,South Andamans,5922,Ferrargunj,645510,Chouldari(Lohabarrack),744206
35,Andaman And Nicobar Islands,602,South Andamans,5922,Ferrargunj,645481,Dhanikhari (Rv),744206
35,Andaman And Nicobar Islands,602,South Andamans,5922,Ferrargunj,645467,Dundas Point (Rv),744206
35,Andaman And Nicobar Islands,602,South Andamans,5922,Ferrargunj,645488,Guptapara (Rv),744206
35,Andaman And Nicobar Islands,602,South Andamans,5922,Ferrargunj,645457,Herbertabad (Rv),744206
35,Andaman And Nicobar Islands,602,South Andamans,5922,Ferrargunj,645441,Jirkatang No. 2 (Rv),744206
35,Andaman And Nicobar Islands,602,South Andamans,5922,Ferrargunj,645460,Kadakachang (Rv),744206
35,Andaman And Nicobar Islands,602,South Andamans,5922,Ferrargunj,645442,Kalatang (Rv),744206
35,Andaman And Nicobar Islands,602,South Andamans,5922,Ferrargunj,645513,Manglutan (Efa),744206
35,Andaman And Nicobar Islands,602,South Andamans,5922,Ferrargunj,645462,North Bay (Rv),744206
35,Andaman And Nicobar Islands,602,South Andamans,5922,Ferrargunj,645496,Shoal Bay 19 (Fc),744206
35,Andaman And Nicobar Islands,602,South Andamans,5922,Ferrargunj,645440,Shoal Bay (Rv),744206
35,Andaman And Nicobar Islands,602,South Andamans,5922,Ferrargunj,645503,Tirur (Jppc),744206
35,Andaman And Nicobar Islands,602,South Andamans,5922,Ferrargunj,645484,Wandur (Rv),744206
35,Andaman And Nicobar Islands,602,South Andamans,5922,Ferrargunj,645443,Wright Myo (Rv),744206
35,Andaman And Nicobar Islands,602,South Andamans,5924,Little Andaman,645570,Butler Bay Forest Camp 4-I (Fdca),744207
35,Andaman And Nicobar Islands,602,South Andamans,5924,Little Andaman,645567,Butler Bay Forest Camp 4-Iv (Fdca),744207
35,Andaman And Nicobar Islands,602,South Andamans,5924,Little Andaman,645562,Forest Camp At 19 Km. (Fdca),744207
35,Andaman And Nicobar Islands,602,South Andamans,5924,Little Andaman,645560,South Bay (Light House Camp),744207
35,Andaman And Nicobar Islands,602,South Andamans,5923,Port Blair,645542,Bada Nallaha/Bada Balu (Efa),744105
35,Andaman And Nicobar Islands,602,South Andamans,5923,Port Blair,645529,Dollygunj (Rv),744103
35,Andaman And Nicobar Islands,602,South Andamans,5923,Port Blair,645550,Prothrapur (Ct),744105
35,Andaman And Nicobar Islands,602,South Andamans,5923,Port Blair,645534,Sippighat (Rv),744105
35,Andaman And Nicobar Islands,603,Nicobars,5916,Car Nicobar,645015,Arong,744301
35,Andaman And Nicobar Islands,603,Nicobars,5916,Car Nicobar,645017,Kakana,744301
35,Andaman And Nicobar Islands,603,Nicobars,5916,Car Nicobar,645019,Malacca,744301
35,Andaman And Nicobar Islands,603,Nicobars,5916,Car Nicobar,645012,Mus,744301
35,Andaman And Nicobar Islands,603,Nicobars,5916,Car Nicobar,645020,Perka,744301
35,Andaman And Nicobar Islands,603,Nicobars,5918,Great Nicobar,645142,Anul/Anula,744302
35,Andaman And Nicobar Islands,603,Nicobars,5918,Great Nicobar,645162,Bahua,744302
35,Andaman And Nicobar Islands,603,Nicobars,5918,Great Nicobar,645189,Chingen (Incl.Fc At Magar Nalla,744302
35,Andaman And Nicobar Islands,603,Nicobars,5918,Great Nicobar,645179,Danlet,744302
35,Andaman And Nicobar Islands,603,Nicobars,5918,Great Nicobar,645190,Galathia River (Fc),744302
35,Andaman And Nicobar Islands,603,Nicobars,5918,Great Nicobar,645178,Koe,744302
35,Andaman And Nicobar Islands,603,Nicobars,5918,Great Nicobar,645193,Laxmi Nagar,744302
35,Andaman And Nicobar Islands,603,Nicobars,5918,Great Nicobar,645143,Makhahu/Makachua,744302
35,Andaman And Nicobar Islands,603,Nicobars,5918,Great Nicobar,645202,Not Yet Named,744302
35,Andaman And Nicobar Islands,603,Nicobars,5918,Great Nicobar,645150,Pulloullo/Puloulo,744302
35,Andaman And Nicobar Islands,603,Nicobars,5918,Great Nicobar,645171,Pulokunji,744302
35,Andaman And Nicobar Islands,603,Nicobars,5917,Nancowry,645030,Alhiat,744303
35,Andaman And Nicobar Islands,603,Nicobars,5917,Nancowry,645129,Berainak/Badnak,744303
35,Andaman And Nicobar Islands,603,Nicobars,5917,Nancowry,645119,Changua/Changup,744303
35,Andaman And Nicobar Islands,603,Nicobars,5917,Nancowry,645065,Chengtamilan*,744303
35,Andaman And Nicobar Islands,603,Nicobars,5917,Nancowry,645069,Hakonhala*,744303
35,Andaman And Nicobar Islands,603,Nicobars,5917,Nancowry,645048,Hitlat*,744304
35,Andaman And Nicobar Islands,603,Nicobars,5917,Nancowry,645047,Jansin*,744303
35,Andaman And Nicobar Islands,603,Nicobars,5917,Nancowry,645068,Kalminikum/Kalmenkam*,744303
35,Andaman And Nicobar Islands,603,Nicobars,5917,Nancowry,645042,Kanahinot,744303
35,Andaman And Nicobar Islands,603,Nicobars,5917,Nancowry,645139,Kapila*,744303
35,Andaman And Nicobar Islands,603,Nicobars,5917,Nancowry,645134,Kuikua*,744303
35,Andaman And Nicobar Islands,603,Nicobars,5917,Nancowry,645106,Manjula*,744303
35,Andaman And Nicobar Islands,603,Nicobars,5917,Nancowry,645049,Mavatapis/Maratapia*,744303
35,Andaman And Nicobar Islands,603,Nicobars,5917,Nancowry,645090,Neang*,744303
35,Andaman And Nicobar Islands,603,Nicobars,5917,Nancowry,645126,Ramzoo*(Ramjaw),744303
35,Andaman And Nicobar Islands,603,Nicobars,5917,Nancowry,645040,Safedbalu*,744303
35,Andaman And Nicobar Islands,632,North And Middle Andaman,5919,Diglipur,645285,Austin IX (Fc),744204
35,Andaman And Nicobar Islands,632,North And Middle Andaman,5919,Diglipur,645267,Baskata Nallaha (Efa),744202
35,Andaman And Nicobar Islands,632,North And Middle Andaman,5919,Diglipur,645281,Ganna Dabla (Efa),744202
35,Andaman And Nicobar Islands,632,North And Middle Andaman,5919,Diglipur,645245,Karen Basti (Efa),744202
35,Andaman And Nicobar Islands,632,North And Middle Andaman,5919,Diglipur,645260,Laxmipur (Efa),744202
35,Andaman And Nicobar Islands,632,North And Middle Andaman,5919,Diglipur,645216,Laxmipur (Rv),744202
35,Andaman And Nicobar Islands,632,North And Middle Andaman,5919,Diglipur,645268,Mutha Nallaha (Efa),744202
35,Andaman And Nicobar Islands,632,North And Middle Andaman,5919,Diglipur,645236,Nischintapur (Rv),744202
35,Andaman And Nicobar Islands,632,North And Middle Andaman,5919,Diglipur,645221,Rabindrapalli (Rv),744202
35,Andaman And Nicobar Islands,632,North And Middle Andaman,5919,Diglipur,645257,Radha Nagar (Efa),744202
35,Andaman And Nicobar Islands,632,North And Middle Andaman,5919,Diglipur,645229,Shibpur (Rv),744202
35,Andaman And Nicobar Islands,632,North And Middle Andaman,5919,Diglipur,645251,Shyam Nagar,744202
35,Andaman And Nicobar Islands,632,North And Middle Andaman,5920,Mayabunder,645338,Asha Nagar (Efa),744204
35,Andaman And Nicobar Islands,632,North And Middle Andaman,5920,Mayabunder,645301,Devpur (Rv),744204
35,Andaman And Nicobar Islands,632,North And Middle Andaman,5920,Mayabunder,645332,Ganesh Nagar I & II (Efa),744204
35,Andaman And Nicobar Islands,632,North And Middle Andaman,5920,Mayabunder,645333,Ganeshpur (Efa),744204
35,Andaman And Nicobar Islands,632,North And Middle Andaman,5920,Mayabunder,645310,Govindpur (Rv),744204
35,Andaman And Nicobar Islands,632,North And Middle Andaman,5920,Mayabunder,645315,Harinagar (Rv),744201
35,Andaman And Nicobar Islands,632,North And Middle Andaman,5920,Mayabunder,645312,Kamalapur (Rv),744201
35,Andaman And Nicobar Islands,632,North And Middle Andaman,5920,Mayabunder,645321,Karmatang IX (Efa),744204
35,Andaman And Nicobar Islands,632,North And Middle Andaman,5920,Mayabunder,645322,Karmatang X (Efa) Incl.Bihari Plot (Efa),744204
35,Andaman And Nicobar Islands,632,North And Middle Andaman,5920,Mayabunder,645342,Lauki Nallaha (Efa),744201
35,Andaman And Nicobar Islands,632,North And Middle Andaman,5920,Mayabunder,645294,Mayabunder (Rv),744204
35,Andaman And Nicobar Islands,632,North And Middle Andaman,5920,Mayabunder,645323,Paiket Bay (Efa),744201
35,Andaman And Nicobar Islands,632,North And Middle Andaman,5920,Mayabunder,645341,Pather Tikry (Efa),744204
35,Andaman And Nicobar Islands,632,North And Middle Andaman,5920,Mayabunder,645307,Pudumadurai (Rv),744204
35,Andaman And Nicobar Islands,632,North And Middle Andaman,5920,Mayabunder,645327,Sundari Khari (Efa),744204
35,Andaman And Nicobar Islands,632,North And Middle Andaman,5920,Mayabunder,645302,Webi (Rv),744204
35,Andaman And Nicobar Islands,632,North And Middle Andaman,5921,Rangat,645374,Adojig (Rv) (Including Efa),744209
35,Andaman And Nicobar Islands,632,North And Middle Andaman,5921,Rangat,645349,Amkunj (Rv),744205
35,Andaman And Nicobar Islands,632,North And Middle Andaman,5921,Rangat,645359,Bharatpur (Rv),744205
35,Andaman And Nicobar Islands,632,North And Middle Andaman,5921,Rangat,645400,Charlungta (Fc),744205
35,Andaman And Nicobar Islands,632,North And Middle Andaman,5921,Rangat,645419,Chotaligbang (Ja),744205
35,Andaman And Nicobar Islands,632,North And Middle Andaman,5921,Rangat,645352,Desharatpur (Rv),744205
35,Andaman And Nicobar Islands,632,North And Middle Andaman,5921,Rangat,645385,Khatta Khari (Rv),744210
35,Andaman And Nicobar Islands,632,North And Middle Andaman,5921,Rangat,645431,Nilambur (Efa),744210
35,Andaman And Nicobar Islands,632,North And Middle Andaman,5921,Rangat,645357,Parnasala (Rv),744205
35,Andaman And Nicobar Islands,632,North And Middle Andaman,5921,Rangat,645420,Porlob Depot. (Fc),744205
35,Andaman And Nicobar Islands,632,North And Middle Andaman,5921,Rangat,645344,Ramachandra Nagar (Rv),744205
35,Andaman And Nicobar Islands,632,North And Middle Andaman,5921,Rangat,645366,Saktigarh (Rv),744205
35,Andaman And Nicobar Islands,632,North And Middle Andaman,5921,Rangat,645427,Sastri Nallah (Fc),744210
35,Andaman And Nicobar Islands,632,North And Middle Andaman,5921,Rangat,645377,Sundergarh (Rv) (Including Efa),744210
35,Andaman And Nicobar Islands,632,North And Middle Andaman,5921,Rangat,645363,Urmilapur (Rv),744205
35,Andaman And Nicobar Islands,632,North And Middle Andaman,5921,Rangat,645407,Yeratiljig No. 9 (Jppc),744209
35,Andaman And Nicobar Islands,602,South Andamans,5922,Ferrargunj,645507,Anjali Nallaha (Jppc),744206
35,Andaman And Nicobar Islands,602,South Andamans,5922,Ferrargunj,645478,Badmash Pahar (Rv),744206
35,Andaman And Nicobar Islands,602,South Andamans,5922,Ferrargunj,645477,Balughat (Rv),744206
35,Andaman And Nicobar Islands,602,South Andamans,5922,Ferrargunj,645491,Flat Bay (Rv),744206
35,Andaman And Nicobar Islands,602,South Andamans,5922,Ferrargunj,645512,Hashmatabad (Efa),744206
35,Andaman And Nicobar Islands,602,South Andamans,5922,Ferrargunj,645486,Manglutan (Rv),744206
35,Andaman And Nicobar Islands,602,South Andamans,5922,Ferrargunj,645489,Manjeri (Rv) & Line Dera (Fc),744206
35,Andaman And Nicobar Islands,602,South Andamans,5922,Ferrargunj,645471,Manpur (Rv),744206
35,Andaman And Nicobar Islands,602,South Andamans,5922,Ferrargunj,645454,Mathura (Rv),744206
35,Andaman And Nicobar Islands,602,South Andamans,5922,Ferrargunj,645511,Maymyo (Efa),744206
35,Andaman And Nicobar Islands,602,South Andamans,5922,Ferrargunj,645483,Maymyo (Rv),744206
35,Andaman And Nicobar Islands,602,South Andamans,5922,Ferrargunj,645447,Mile Tilek (Rv) & Mile Tilek (Efa),744206
35,Andaman And Nicobar Islands,602,South Andamans,5922,Ferrargunj,645475,Muslim Basti (Rv),744206
35,Andaman And Nicobar Islands,602,South Andamans,5922,Ferrargunj,645514,Nayashahar (Efa),744206
35,Andaman And Nicobar Islands,602,South Andamans,5922,Ferrargunj,645487,Nayashahar (Rv),744206
35,Andaman And Nicobar Islands,602,South Andamans,5922,Ferrargunj,645515,Pongi Balu (Fc) & Bada Balu (Efa),744206
35,Andaman And Nicobar Islands,602,South Andamans,5922,Ferrargunj,645493,Potatang (Fc),744206
35,Andaman And Nicobar Islands,602,South Andamans,5922,Ferrargunj,645495,Shoal Bay 17 (Fc),744206
35,Andaman And Nicobar Islands,602,South Andamans,5922,Ferrargunj,645451,Stewartgunj (Rv),744206
35,Andaman And Nicobar Islands,602,South Andamans,5922,Ferrargunj,645449,Wimberlygunj (Rv),744206
35,Andaman And Nicobar Islands,602,South Andamans,5924,Little Andaman,645552,Dugong Creek (Os),744207
35,Andaman And Nicobar Islands,602,South Andamans,5924,Little Andaman,645563,Forest Camp At 14 Km. 5-Iii (Fdca),744207
35,Andaman And Nicobar Islands,602,South Andamans,5924,Little Andaman,645554,Rabindra Nagar (Rv),744207
35,Andaman And Nicobar Islands,602,South Andamans,5924,Little Andaman,645568,Red Oil Palm (Nursery Camp),744207
35,Andaman And Nicobar Islands,602,South Andamans,5924,Little Andaman,645561,South Bay (Os),744207
35,Andaman And Nicobar Islands,602,South Andamans,5923,Port Blair,645537,Beadnabad (Rv),744105
35,Andaman And Nicobar Islands,602,South Andamans,5923,Port Blair,645535,Bimilitan (Rv) & Kodiyaghat,744105
35,Andaman And Nicobar Islands,602,South Andamans,5923,Port Blair,645539,Chidiyatapu (Rv),744105
35,Andaman And Nicobar Islands,602,South Andamans,5923,Port Blair,645551,Garacharma (Ct),744105
35,Andaman And Nicobar Islands,602,South Andamans,5923,Port Blair,645538,Rangachang (Rv),744105
35,Andaman And Nicobar Islands,602,South Andamans,5923,Port Blair,645540,Rutland (Rv),744105
35,Andaman And Nicobar Islands,602,South Andamans,5923,Port Blair,645533,Teylorabad (Rv),744105
35,Andaman And Nicobar Islands,603,Nicobars,5916,Car Nicobar,645013,Teetop,744301
35,Andaman And Nicobar Islands,603,Nicobars,5918,Great Nicobar,645196,7 Km Farm,744302
35,Andaman And Nicobar Islands,603,Nicobars,5918,Great Nicobar,645144,Akupa,744302
35,Andaman And Nicobar Islands,603,Nicobars,5918,Great Nicobar,645168,Alexandera River,744302
35,Andaman And Nicobar Islands,603,Nicobars,5918,Great Nicobar,645169,Ayouk,744302
35,Andaman And Nicobar Islands,603,Nicobars,5918,Great Nicobar,645148,Bewai/Kuwak,744302
35,Andaman And Nicobar Islands,603,Nicobars,5918,Great Nicobar,645174,Dogmar River,744302
35,Andaman And Nicobar Islands,603,Nicobars,5918,Great Nicobar,645151,Hoin Incl. Ikuia,744302
35,Andaman And Nicobar Islands,603,Nicobars,5918,Great Nicobar,645188,Indira Point,744302
35,Andaman And Nicobar Islands,603,Nicobars,5918,Great Nicobar,645195,Joginder Nagar,744302
35,Andaman And Nicobar Islands,603,Nicobars,5918,Great Nicobar,645165,Katahu,744302
35,Andaman And Nicobar Islands,603,Nicobars,5918,Great Nicobar,645183,Kokeon,744302
35,Andaman And Nicobar Islands,603,Nicobars,5918,Great Nicobar,645210,Lanaya,744302
35,Andaman And Nicobar Islands,603,Nicobars,5918,Great Nicobar,645206,Navy Dera,744302
35,Andaman And Nicobar Islands,603,Nicobars,5918,Great Nicobar,645197,Not Yet Named (At 27.9 Km)-A,744302
35,Andaman And Nicobar Islands,603,Nicobars,5918,Great Nicobar,645181,Patatiya,744302
35,Andaman And Nicobar Islands,603,Nicobars,5918,Great Nicobar,645211,Pitayo,744302
35,Andaman And Nicobar Islands,603,Nicobars,5918,Great Nicobar,645187,Pulobaha,744302
35,Andaman And Nicobar Islands,603,Nicobars,5918,Great Nicobar,645185,Pulopucca,744302
35,Andaman And Nicobar Islands,603,Nicobars,5918,Great Nicobar,645194,Vijoy Nagar,744302
35,Andaman And Nicobar Islands,603,Nicobars,5917,Nancowry,645116,Banderkari/Pulu,744303
35,Andaman And Nicobar Islands,603,Nicobars,5917,Nancowry,645045,Bompoka Island*,744303
35,Andaman And Nicobar Islands,603,Nicobars,5917,Nancowry,645113,Chanel/Chanol*,744303
35,Andaman And Nicobar Islands,603,Nicobars,5917,Nancowry,645059,Chonsiyala*,744303
35,Andaman And Nicobar Islands,603,Nicobars,5917,Nancowry,645111,Daring,744303
35,Andaman And Nicobar Islands,603,Nicobars,5917,Nancowry,645036,Enam,744303
35,Andaman And Nicobar Islands,603,Nicobars,5917,Nancowry,645099,Inroak/Chinlak*,744303
35,Andaman And Nicobar Islands,603,Nicobars,5917,Nancowry,645082,Japan Tikri,744304
35,Andaman And Nicobar Islands,603,Nicobars,5917,Nancowry,645046,Jhoola*,744304
35,Andaman And Nicobar Islands,603,Nicobars,5917,Nancowry,645043,Kalasi,744303
35,Andaman And Nicobar Islands,603,Nicobars,5917,Nancowry,645056,Kamriak*,744303
35,Andaman And Nicobar Islands,603,Nicobars,5917,Nancowry,645078,Kupinga*,744304
35,Andaman And Nicobar Islands,603,Nicobars,5917,Nancowry,645037,Luxi,744303
35,Andaman And Nicobar Islands,603,Nicobars,5917,Nancowry,645079,Mildera,744304
35,Andaman And Nicobar Islands,603,Nicobars,5917,Nancowry,645105,Neeche Tapu*,744304
35,Andaman And Nicobar Islands,603,Nicobars,5917,Nancowry,645132,Nyicalang*,744303
35,Andaman And Nicobar Islands,603,Nicobars,5917,Nancowry,645107,Okiya/Chiya*,744303
35,Andaman And Nicobar Islands,603,Nicobars,5917,Nancowry,645124,Payuha,744303
35,Andaman And Nicobar Islands,603,Nicobars,5917,Nancowry,645028,Tahaila,744303
35,Andaman And Nicobar Islands,603,Nicobars,5917,Nancowry,645114,Tanae*,744303
35,Andaman And Nicobar Islands,603,Nicobars,5917,Nancowry,645067,Tani*,744303
35,Andaman And Nicobar Islands,603,Nicobars,5917,Nancowry,645072,Tavinkin/Tavakin*,744303
35,Andaman And Nicobar Islands,632,North And Middle Andaman,5919,Diglipur,645287,Austin II (Efa),744204
35,Andaman And Nicobar Islands,632,North And Middle Andaman,5919,Diglipur,645217,Deshbandhugram (Rv),744202
35,Andaman And Nicobar Islands,632,North And Middle Andaman,5919,Diglipur,645228,Durgapur (Rv),744202
35,Andaman And Nicobar Islands,632,North And Middle Andaman,5919,Diglipur,645278,Hoari Bay (Efa),744202
35,Andaman And Nicobar Islands,632,North And Middle Andaman,5919,Diglipur,645226,Keralapuram (Rv),744202
35,Andaman And Nicobar Islands,632,North And Middle Andaman,5919,Diglipur,645231,Khudirampur (Rv),744202
35,Andaman And Nicobar Islands,632,North And Middle Andaman,5919,Diglipur,645219,Krishnapuri (Rv),744202
35,Andaman And Nicobar Islands,632,North And Middle Andaman,5919,Diglipur,645265,Lamiya Bay (Efa),744202
35,Andaman And Nicobar Islands,632,North And Middle Andaman,5919,Diglipur,645266,Lamiya Bay (Wls),744202
35,Andaman And Nicobar Islands,632,North And Middle Andaman,5919,Diglipur,645241,Mohanpur (Rv),744202
35,Andaman And Nicobar Islands,632,North And Middle Andaman,5919,Diglipur,645274,Pemaiahdera (Fdca),744202
35,Andaman And Nicobar Islands,632,North And Middle Andaman,5919,Diglipur,645279,Pilone Nallaha (Fdca),744204
35,Andaman And Nicobar Islands,632,North And Middle Andaman,5919,Diglipur,645254,Santi Nagar,744202
35,Andaman And Nicobar Islands,632,North And Middle Andaman,5919,Diglipur,645263,"Sitanagar, (Efa)",744202
35,Andaman And Nicobar Islands,632,North And Middle Andaman,5919,Diglipur,645289,Smith (Timber Export Depot),744202
35,Andaman And Nicobar Islands,632,North And Middle Andaman,5919,Diglipur,645222,Subhashgram (Rv),744202
35,Andaman And Nicobar Islands,632,North And Middle Andaman,5919,Diglipur,645262,Tal Bagan (Efa),744202
35,Andaman And Nicobar Islands,632,North And Middle Andaman,5920,Mayabunder,645293,Aves Island (Rv),744204
35,Andaman And Nicobar Islands,632,North And Middle Andaman,5920,Mayabunder,645324,Bamboo Nallaha (Efa),744204
35,Andaman And Nicobar Islands,632,North And Middle Andaman,5920,Mayabunder,645306,Chainpur (Rv),744204
35,Andaman And Nicobar Islands,632,North And Middle Andaman,5920,Mayabunder,645330,Chappa Nali (Efa),744204
35,Andaman And Nicobar Islands,632,North And Middle Andaman,5920,Mayabunder,645316,Dukennagar (Rv),744201
35,Andaman And Nicobar Islands,632,North And Middle Andaman,5920,Mayabunder,645329,Gora Tikry (Efa),744204
35,Andaman And Nicobar Islands,632,North And Middle Andaman,5920,Mayabunder,645305,Hanspuri (Rv) (Including Jpp Camps),744204
35,Andaman And Nicobar Islands,632,North And Middle Andaman,5920,Mayabunder,645320,Interview Island (Po),744204
35,Andaman And Nicobar Islands,632,North And Middle Andaman,5920,Mayabunder,645298,Karmatang (Rv),744204
35,Andaman And Nicobar Islands,632,North And Middle Andaman,5920,Mayabunder,645331,Khukari Tabla (Efa),744204
35,Andaman And Nicobar Islands,632,North And Middle Andaman,5920,Mayabunder,645309,Profullya Nagar (Rv),744201
35,Andaman And Nicobar Islands,632,North And Middle Andaman,5920,Mayabunder,645317,Santipur (Rv),744201
35,Andaman And Nicobar Islands,632,North And Middle Andaman,5921,Rangat,645414,Bamboo Tikry (Jppc),744209
35,Andaman And Nicobar Islands,632,North And Middle Andaman,5921,Rangat,645367,Bangaon (Rv),744205
35,Andaman And Nicobar Islands,632,North And Middle Andaman,5921,Rangat,645375,Bejoygarh (Rv),744210
35,Andaman And Nicobar Islands,632,North And Middle Andaman,5921,Rangat,645430,Bolcha (Efa),744210
35,Andaman And Nicobar Islands,632,North And Middle Andaman,5921,Rangat,645410,Boreham Valley (Fs),744209
35,Andaman And Nicobar Islands,632,North And Middle Andaman,5921,Rangat,645394,Gol Pahar (Efa),744205
35,Andaman And Nicobar Islands,632,North And Middle Andaman,5921,Rangat,645393,Japan Tikri (Efa),744209
35,Andaman And Nicobar Islands,632,North And Middle Andaman,5921,Rangat,645412,Jermyvalley(Fs),744209
35,Andaman And Nicobar Islands,632,North And Middle Andaman,5921,Rangat,645369,Kadamtala (Rv),744209
35,Andaman And Nicobar Islands,632,North And Middle Andaman,5921,Rangat,645398,Kalsi No. 4 (Jppc),744205
35,Andaman And Nicobar Islands,632,North And Middle Andaman,5921,Rangat,645364,Kalsi (Rv),744205
35,Andaman And Nicobar Islands,632,North And Middle Andaman,5921,Rangat,645378,Kanchangarh (Rv),744210
35,Andaman And Nicobar Islands,632,North And Middle Andaman,5921,Rangat,645372,Long Island (Rv),744203
35,Andaman And Nicobar Islands,632,North And Middle Andaman,5921,Rangat,645433,Middle Strait (Jppc),744210
35,Andaman And Nicobar Islands,632,North And Middle Andaman,5921,Rangat,645382,Nayagarh (Rv),744210
35,Andaman And Nicobar Islands,632,North And Middle Andaman,5921,Rangat,645413,"Porlobjig No. 3 (Jppc, Apwdc & Anifpdc)",744209
35,Andaman And Nicobar Islands,632,North And Middle Andaman,5921,Rangat,645383,Rajatgarh (Rv),744210
35,Andaman And Nicobar Islands,632,North And Middle Andaman,5921,Rangat,645356,Rampur (Rv),744205
35,Andaman And Nicobar Islands,632,North And Middle Andaman,5921,Rangat,645355,Rangat (Rv),744205
35,Andaman And Nicobar Islands,632,North And Middle Andaman,5921,Rangat,645360,Shyamkund (Rv),744205
35,Andaman And Nicobar Islands,632,North And Middle Andaman,5921,Rangat,645353,Sitapur (Rv),744205
35,Andaman And Nicobar Islands,632,North And Middle Andaman,5921,Rangat,645438,Spike Island (Ja),744211
35,Andaman And Nicobar Islands,632,North And Middle Andaman,5921,Rangat,645387,Thoraktang (Fc),744201
35,Andaman And Nicobar Islands,632,North And Middle Andaman,5921,Rangat,645415,Yeratiljig No. 10 (Jppc),744209
35,Andaman And Nicobar Islands,632,North And Middle Andaman,5921,Rangat,645408,Yeratiljig No. 11 (Jppc),744209
35,Andaman And Nicobar Islands,602,South Andamans,5922,Ferrargunj,645464,Aniket (Rv),744206
35,Andaman And Nicobar Islands,602,South Andamans,5922,Ferrargunj,645480,Chouldari (Rv),744206
35,Andaman And Nicobar Islands,602,South Andamans,5922,Ferrargunj,645473,Hobdipur (Rv),744206
35,Andaman And Nicobar Islands,602,South Andamans,5922,Ferrargunj,645482,Homfreygunj (Rv),744206
35,Andaman And Nicobar Islands,602,South Andamans,5922,Ferrargunj,645453,Knapuram (Rv),744206
35,Andaman And Nicobar Islands,602,South Andamans,5922,Ferrargunj,645444,Madhuban (Rv),744206
35,Andaman And Nicobar Islands,602,South Andamans,5922,Ferrargunj,645446,Mannarghat (Rv),744206
35,Andaman And Nicobar Islands,602,South Andamans,5922,Ferrargunj,645472,Mohwa Dera (Rv),744206
35,Andaman And Nicobar Islands,602,South Andamans,5922,Ferrargunj,645450,Mount Harriet (Rv),744206
35,Andaman And Nicobar Islands,602,South Andamans,5922,Ferrargunj,645463,Shore Point (Rv),744206
35,Andaman And Nicobar Islands,602,South Andamans,5922,Ferrargunj,645455,Temple Myo (Rv),744206
35,Andaman And Nicobar Islands,602,South Andamans,5922,Ferrargunj,645456,Tirur (Rv),744206
35,Andaman And Nicobar Islands,602,South Andamans,5924,Little Andaman,645566,Butler Bay Forest Camp 4-Iii (Fdca),744207
35,Andaman And Nicobar Islands,602,South Andamans,5924,Little Andaman,645565,Forest Camp At 14 Km 5 - I (Fdca),744207
35,Andaman And Nicobar Islands,602,South Andamans,5924,Little Andaman,645564,Forest Camp At 14 Km. 5-Ii (Fdca),744207
35,Andaman And Nicobar Islands,602,South Andamans,5924,Little Andaman,645559,Harmender Bay (Ns),744207
35,Andaman And Nicobar Islands,602,South Andamans,5924,Little Andaman,645555,Ramakrishnapur (Rv),744207
35,Andaman And Nicobar Islands,602,South Andamans,5924,Little Andaman,645553,Vivekanandapuram (Rv),744207
35,Andaman And Nicobar Islands,602,South Andamans,5923,Port Blair,645547,Bada Khari (Fc),744105
35,Andaman And Nicobar Islands,602,South Andamans,5923,Port Blair,645546,Bamboo Nallaha(Efa) Incl. Kichad Nallaha(Efa),744105
35,Andaman And Nicobar Islands,602,South Andamans,5923,Port Blair,645523,Bharatpur (Rv),744104
35,Andaman And Nicobar Islands,602,South Andamans,5923,Port Blair,645532,Brichgunj (Rv),744103
35,Andaman And Nicobar Islands,602,South Andamans,5923,Port Blair,645536,Calicut (Rv),744105
35,Andaman And Nicobar Islands,602,South Andamans,5923,Port Blair,645549,Cinque Island (Wls),744105
35,Andaman And Nicobar Islands,602,South Andamans,5923,Port Blair,645541,John Lawrance (Fc),744211
35,Andaman And Nicobar Islands,602,South Andamans,5923,Port Blair,645544,Munda Pahar (Efa),744105
35,Andaman And Nicobar Islands,602,South Andamans,5923,Port Blair,645527,Pahargaon Part (Rv),744105
35,Andaman And Nicobar Islands,602,South Andamans,5923,Port Blair,645521,Radha Nagar (Rv),744211
35,Andaman And Nicobar Islands,602,South Andamans,5923,Port Blair,645526,Ram Nagar (Rv),744104
35,Andaman And Nicobar Islands,603,Nicobars,5916,Car Nicobar,645016,Kimois,744301
35,Andaman And Nicobar Islands,603,Nicobars,5916,Car Nicobar,645027,Kinmai,744301
35,Andaman And Nicobar Islands,603,Nicobars,5916,Car Nicobar,645021,Tamaloo,744301
35,Andaman And Nicobar Islands,603,Nicobars,5916,Car Nicobar,645024,Tapoiming,744301
35,Andaman And Nicobar Islands,603,Nicobars,5918,Great Nicobar,645166,Afra Bay,744302
35,Andaman And Nicobar Islands,603,Nicobars,5918,Great Nicobar,645167,Dairkurat,744302
35,Andaman And Nicobar Islands,603,Nicobars,5918,Great Nicobar,645184,Dakhiyon (Fc),744302
35,Andaman And Nicobar Islands,603,Nicobars,5918,Great Nicobar,645205,Gol Tikrey,744302
35,Andaman And Nicobar Islands,603,Nicobars,5918,Great Nicobar,645199,Govinda Nagar,744302
35,Andaman And Nicobar Islands,603,Nicobars,5918,Great Nicobar,645154,Hokesiang,744302
35,Andaman And Nicobar Islands,603,Nicobars,5918,Great Nicobar,645160,Inod,744302
35,Andaman And Nicobar Islands,603,Nicobars,5918,Great Nicobar,645149,Kiyang,744302
35,Andaman And Nicobar Islands,603,Nicobars,5918,Great Nicobar,645175,Kopenheat,744302
35,Andaman And Nicobar Islands,603,Nicobars,5918,Great Nicobar,645207,Lawful,744302
35,Andaman And Nicobar Islands,603,Nicobars,5918,Great Nicobar,645156,Olinchi/Bombay,744302
35,Andaman And Nicobar Islands,603,Nicobars,5918,Great Nicobar,645147,Pulobaha/Pathathifen,744302
35,Andaman And Nicobar Islands,603,Nicobars,5918,Great Nicobar,645180,Pulobhabi,744302
35,Andaman And Nicobar Islands,603,Nicobars,5918,Great Nicobar,645153,Pulobha/Pulobahan,744302
35,Andaman And Nicobar Islands,603,Nicobars,5918,Great Nicobar,645173,Renguang,744302
35,Andaman And Nicobar Islands,603,Nicobars,5918,Great Nicobar,645191,Sastri Nagar,744302
35,Andaman And Nicobar Islands,603,Nicobars,5918,Great Nicobar,645172,Shompen Village-A,744302
35,Andaman And Nicobar Islands,603,Nicobars,5917,Nancowry,645053,Alhitoth/Alhiloth*,744303
35,Andaman And Nicobar Islands,603,Nicobars,5917,Nancowry,645052,Alkaipoh/Alkripoh*,744304
35,Andaman And Nicobar Islands,603,Nicobars,5917,Nancowry,645117,Alpintu/Alpintung*,744303
35,Andaman And Nicobar Islands,603,Nicobars,5917,Nancowry,645101,Alreak*,744303
35,Andaman And Nicobar Islands,603,Nicobars,5917,Nancowry,645074,Altaful*,744304
35,Andaman And Nicobar Islands,603,Nicobars,5917,Nancowry,645093,Altheak,744303
35,Andaman And Nicobar Islands,603,Nicobars,5917,Nancowry,645121,Alukian/Alhukheck,744303
35,Andaman And Nicobar Islands,603,Nicobars,5917,Nancowry,645066,Atkuna/Alkun*,744304
35,Andaman And Nicobar Islands,603,Nicobars,5917,Nancowry,645029,Chongkamong,744303
35,Andaman And Nicobar Islands,603,Nicobars,5917,Nancowry,645128,Chota Inak,744303
35,Andaman And Nicobar Islands,603,Nicobars,5917,Nancowry,645083,E-Wall,744304
35,Andaman And Nicobar Islands,603,Nicobars,5917,Nancowry,645097,Hinnunga*,744303
35,Andaman And Nicobar Islands,603,Nicobars,5917,Nancowry,645102,Hintona*,744304
35,Andaman And Nicobar Islands,603,Nicobars,5917,Nancowry,645136,Hockook*,744303
35,Andaman And Nicobar Islands,603,Nicobars,5917,Nancowry,645077,Kapanga*,744304
35,Andaman And Nicobar Islands,603,Nicobars,5917,Nancowry,645110,Karan/Karav*,744303
35,Andaman And Nicobar Islands,603,Nicobars,5917,Nancowry,645054,Katahuwa*,744303
35,Andaman And Nicobar Islands,603,Nicobars,5917,Nancowry,645075,Kavatinpeu/Karahinpoh*,744303
35,Andaman And Nicobar Islands,603,Nicobars,5917,Nancowry,645061,Kulatapangia*,744304
35,Andaman And Nicobar Islands,603,Nicobars,5917,Nancowry,645120,Masala Tapu*,744303
35,Andaman And Nicobar Islands,603,Nicobars,5917,Nancowry,645081,Meenakshi Ram Nagar,744304
35,Andaman And Nicobar Islands,603,Nicobars,5917,Nancowry,645088,Mus*,744303
35,Andaman And Nicobar Islands,603,Nicobars,5917,Nancowry,645058,Ongulongho*,744303
35,Andaman And Nicobar Islands,603,Nicobars,5917,Nancowry,645104,Pilpilow,744303
35,Andaman And Nicobar Islands,603,Nicobars,5917,Nancowry,645070,Reakomlong*,744303
35,Andaman And Nicobar Islands,603,Nicobars,5917,Nancowry,645051,Sanaya*,744303
35,Andaman And Nicobar Islands,603,Nicobars,5917,Nancowry,645071,Sonomkuwa*,744303
35,Andaman And Nicobar Islands,632,North And Middle Andaman,5919,Diglipur,645280,Aam Tikry (Fdca),744202
35,Andaman And Nicobar Islands,632,North And Middle Andaman,5919,Diglipur,645253,Amber Chad (Efa),744202
35,Andaman And Nicobar Islands,632,North And Middle Andaman,5919,Diglipur,645284,Bamboo Nallaha (Efa),744202
35,Andaman And Nicobar Islands,632,North And Middle Andaman,5919,Diglipur,645258,Burmachad (Efa),744202
35,Andaman And Nicobar Islands,632,North And Middle Andaman,5919,Diglipur,645248,Coffe Dera (Efa),744202
35,Andaman And Nicobar Islands,632,North And Middle Andaman,5919,Diglipur,645223,Diglipur Part-Ii,744202
35,Andaman And Nicobar Islands,632,North And Middle Andaman,5919,Diglipur,645243,East Island (Police Post & Light House),744202
35,Andaman And Nicobar Islands,632,North And Middle Andaman,5919,Diglipur,645246,Elezabeth Bay (Efa),744202
35,Andaman And Nicobar Islands,632,North And Middle Andaman,5919,Diglipur,645256,Gandhi Nagar (Forest Beat),744202
35,Andaman And Nicobar Islands,632,North And Middle Andaman,5919,Diglipur,645286,Hara Tikry (Efa),744202
35,Andaman And Nicobar Islands,632,North And Middle Andaman,5919,Diglipur,645250,Haridas Kattai (Efa),744202
35,Andaman And Nicobar Islands,632,North And Middle Andaman,5919,Diglipur,645238,Jagannath Dera (Rv),744202
35,Andaman And Nicobar Islands,632,North And Middle Andaman,5919,Diglipur,645235,Madhyamgram (Rv),744202
35,Andaman And Nicobar Islands,632,North And Middle Andaman,5919,Diglipur,645215,Milangram (Rv),744202
35,Andaman And Nicobar Islands,632,North And Middle Andaman,5919,Diglipur,645232,Nabagram (Rv),744202
35,Andaman And Nicobar Islands,632,North And Middle Andaman,5919,Diglipur,645244,Narcondam Island (Police Post),744202
35,Andaman And Nicobar Islands,632,North And Middle Andaman,5919,Diglipur,645276,Pathi Level (Efa),744202
35,Andaman And Nicobar Islands,632,North And Middle Andaman,5919,Diglipur,645288,Smith (Efa),744202
35,Andaman And Nicobar Islands,632,North And Middle Andaman,5919,Diglipur,645291,Stewart Island,744204
35,Andaman And Nicobar Islands,632,North And Middle Andaman,5920,Mayabunder,645308,Basantipur (Rv),744201
35,Andaman And Nicobar Islands,632,North And Middle Andaman,5920,Mayabunder,645325,Buddha Nallaha (Efa),744204
35,Andaman And Nicobar Islands,632,North And Middle Andaman,5920,Mayabunder,645319,Interview Island (Wls),744204
35,Andaman And Nicobar Islands,632,North And Middle Andaman,5920,Mayabunder,645313,Jaipur (Rv),744201
35,Andaman And Nicobar Islands,632,North And Middle Andaman,5920,Mayabunder,645328,Karanch Khari (Efa),744204
35,Andaman And Nicobar Islands,632,North And Middle Andaman,5920,Mayabunder,645299,Lucknow (Rv),744204
35,Andaman And Nicobar Islands,632,North And Middle Andaman,5920,Mayabunder,645303,Pahalgaon (Rv),744204
35,Andaman And Nicobar Islands,632,North And Middle Andaman,5920,Mayabunder,645311,Paresh Nagar (Rv),744201
35,Andaman And Nicobar Islands,632,North And Middle Andaman,5920,Mayabunder,645304,Tugapur (Rv),744204
35,Andaman And Nicobar Islands,632,North And Middle Andaman,5921,Rangat,645380,Abaygarh (Rv),744210
35,Andaman And Nicobar Islands,632,North And Middle Andaman,5921,Rangat,645439,Bakultala Rv,744205
35,Andaman And Nicobar Islands,632,North And Middle Andaman,5921,Rangat,645386,Cutbert Bay (Efa),744201
35,Andaman And Nicobar Islands,632,North And Middle Andaman,5921,Rangat,645343,Dharmapur (Rv),744201
35,Andaman And Nicobar Islands,632,North And Middle Andaman,5921,Rangat,645423,Elephenstone Harbour (Fc),744203
35,Andaman And Nicobar Islands,632,North And Middle Andaman,5921,Rangat,645411,Foster Valley (Efa),744209
35,Andaman And Nicobar Islands,632,North And Middle Andaman,5921,Rangat,645395,Kalsi (Jppc),744205
35,Andaman And Nicobar Islands,632,North And Middle Andaman,5921,Rangat,645365,Kaushalyanagar (Rv),744205
35,Andaman And Nicobar Islands,632,North And Middle Andaman,5921,Rangat,645362,Laxmanpur (Rv),744205
35,Andaman And Nicobar Islands,632,North And Middle Andaman,5921,Rangat,645426,Lorrojig (Fc) & Vishnu Nallaha (Apwdc),744210
35,Andaman And Nicobar Islands,632,North And Middle Andaman,5921,Rangat,645347,Padmanabhapuram (Rv),744201
35,Andaman And Nicobar Islands,632,North And Middle Andaman,5921,Rangat,645405,Porlobjig No.10 (Fc & Jppc),744209
35,Andaman And Nicobar Islands,632,North And Middle Andaman,5921,Rangat,645403,"Porlobjig No. 15 (Fc, Apwdc & Jppc)",744209
35,Andaman And Nicobar Islands,632,North And Middle Andaman,5921,Rangat,645434,Raglachang (Nayadera) (Fc),744210
35,Andaman And Nicobar Islands,632,North And Middle Andaman,5921,Rangat,645381,Raglachang (Rv),744210
35,Andaman And Nicobar Islands,632,North And Middle Andaman,5921,Rangat,645346,Shivapuram (Rv),744201
35,Andaman And Nicobar Islands,632,North And Middle Andaman,5921,Rangat,645389,Sippi Tikry (Efa),744205
35,Andaman And Nicobar Islands,632,North And Middle Andaman,5921,Rangat,645432,"South Creek (Efa, Fc & Apwdc)",744210
35,Andaman And Nicobar Islands,632,North And Middle Andaman,5921,Rangat,645345,Thiruvanchikulam (Rv),744201
35,Andaman And Nicobar Islands,632,North And Middle Andaman,5921,Rangat,645436,Wrafter'S Creek (Efa),744210
35,Andaman And Nicobar Islands,632,North And Middle Andaman,5921,Rangat,645368,Yeratiljig (Rv),744209
35,Andaman And Nicobar Islands,602,South Andamans,5922,Ferrargunj,645516,Bambooflat,744206
35,Andaman And Nicobar Islands,602,South Andamans,5922,Ferrargunj,645505,Beach Dera (Efa),744206
35,Andaman And Nicobar Islands,602,South Andamans,5922,Ferrargunj,645494,Between Middle Strait (Jppc) & Jirkatang (Ja),744206
35,Andaman And Nicobar Islands,602,South Andamans,5922,Ferrargunj,645459,Bindraban (Rv),744206
35,Andaman And Nicobar Islands,602,South Andamans,5922,Ferrargunj,645500,Coffee Plot,744206
35,Andaman And Nicobar Islands,602,South Andamans,5922,Ferrargunj,645461,Hope Town (Rv),744206
35,Andaman And Nicobar Islands,602,South Andamans,5922,Ferrargunj,645499,Jirkatang No.2 (Efa),744206
35,Andaman And Nicobar Islands,602,South Andamans,5922,Ferrargunj,645502,Mile Tilek (Arf),744206
35,Andaman And Nicobar Islands,602,South Andamans,5922,Ferrargunj,645501,Mile Tilek (Jppc),744206
35,Andaman And Nicobar Islands,602,South Andamans,5922,Ferrargunj,645468,Mithakhari (Rv),744206
35,Andaman And Nicobar Islands,602,South Andamans,5922,Ferrargunj,645497,Mrichi Dera (Efa),744206
35,Andaman And Nicobar Islands,602,South Andamans,5922,Ferrargunj,645474,Ograbraij (Rv),744206
35,Andaman And Nicobar Islands,602,South Andamans,5922,Ferrargunj,645506,Tirur I (Jppc),744206
35,Andaman And Nicobar Islands,602,South Andamans,5922,Ferrargunj,645508,Tirur IV (Jppc),744206
35,Andaman And Nicobar Islands,602,South Andamans,5922,Ferrargunj,645509,Tirur (Ja),744206
35,Andaman And Nicobar Islands,602,South Andamans,5924,Little Andaman,645557,M/S Asia & Company (Asia Timber Product),744207
35,Andaman And Nicobar Islands,602,South Andamans,5923,Port Blair,645518,Bejoy Nagar (Rv),744211
35,Andaman And Nicobar Islands,602,South Andamans,5923,Port Blair,645543,Chidiyatapu (Wls),744105
35,Andaman And Nicobar Islands,602,South Andamans,5923,Port Blair,645520,Krishna Nagar (Rv),744211
35,Andaman And Nicobar Islands,602,South Andamans,5923,Port Blair,645525,Lakshmanpur (Rv),744104
35,Andaman And Nicobar Islands,602,South Andamans,5923,Port Blair,645530,Minnie Bay Part (Rv),744103
35,Andaman And Nicobar Islands,602,South Andamans,5923,Port Blair,645524,Neil Kendra (Rv),744104
35,Andaman And Nicobar Islands,602,South Andamans,5923,Port Blair,645548,North Sentinel Island (Sa),744101
35,Andaman And Nicobar Islands,602,South Andamans,5923,Port Blair,645528,School Line Part (Rv),744103
35,Andaman And Nicobar Islands,602,South Andamans,5923,Port Blair,645522,Sitapur (Rv),744104
